{
  "name": "Compositional Learning",
  "setup": {
    "leftWell": "x ∈ [-2, -0.5], k=2.0 toward x=-1",
    "rightWell": "x ∈ [0.5, 2], k=2.0 toward x=+1",
    "gap": "x ∈ [-0.5, 0.5], no restoring force"
  },
  "results": {
    "actorA": {
      "left": {
        "error": 0.10160040938131751,
        "agency": 0.280353989037372,
        "coverage": 0.2689075630252101,
        "count": 119
      },
      "gap": {
        "error": 0.09323510052052736,
        "agency": 0.4313662288497173,
        "coverage": 0.40789473684210525,
        "count": 76
      },
      "right": {
        "error": 0.7137837318541865,
        "agency": 0.41831279778337493,
        "coverage": 0,
        "count": 105
      },
      "overall": {
        "error": 0.3137453606687546,
        "agency": 0.3668960061842672,
        "coverage": 0.21,
        "count": 300
      }
    },
    "actorB": {
      "left": {
        "error": 0.09810988840242493,
        "agency": 0,
        "coverage": 0.15966386554621848,
        "count": 119
      },
      "gap": {
        "error": 0.12194808161861334,
        "agency": 0.17535656626986518,
        "coverage": 0.2894736842105263,
        "count": 76
      },
      "right": {
        "error": 0.14867811303428233,
        "agency": 0.4728043684122762,
        "coverage": 0,
        "count": 105
      },
      "overall": {
        "error": 0.12184777597167601,
        "agency": 0.20990519239932914,
        "coverage": 0.13666666666666666,
        "count": 300
      }
    },
    "composed": {
      "left": {
        "error": 0.3359069005371868,
        "agency": 1,
        "coverage": 0,
        "count": 119
      },
      "gap": {
        "error": 0.19472720995206183,
        "agency": 1,
        "coverage": 0.2236842105263158,
        "count": 76
      },
      "right": {
        "error": 0.17501172342908158,
        "agency": 1,
        "coverage": 0.06666666666666667,
        "count": 105
      },
      "overall": {
        "error": 0.24382806693445155,
        "agency": 1,
        "coverage": 0.08,
        "count": 300
      }
    }
  },
  "path": {
    "steps": 1,
    "bindingRate": 1
  },
  "improvement": {
    "gapCoverage": -0.18421052631578946
  },
  "timestamp": "2025-12-31T06:27:57.352Z"
}